<?xml version="1.0" encoding="UTF-8"?>
<configurationDescriptor version="69">
  <logicalFolder name="root" displayName="root" projectFiles="true">
    <logicalFolder name="HeaderFiles"
                   displayName="Header Files"
                   projectFiles="true"
                   kind="SOURCE_LOGICAL_FOLDER">
      <itemPath>../source/CParticle.hpp</itemPath>
      <itemPath>../source/CSwarm.hpp</itemPath>
      <itemPath>../source/Maths.hpp</itemPath>
      <itemPath>../source/QParticle.hpp</itemPath>
      <itemPath>../source/QSwarm.hpp</itemPath>
      <itemPath>../source/Random.hpp</itemPath>
    </logicalFolder>
    <logicalFolder name="ResourceFiles"
                   displayName="Resource Files"
                   projectFiles="true"
                   kind="SOURCE_LOGICAL_FOLDER">
    </logicalFolder>
    <logicalFolder name="SourceFiles"
                   displayName="Source Files"
                   projectFiles="true"
                   kind="SOURCE_LOGICAL_FOLDER">
      <itemPath>../source/CParticle.cpp</itemPath>
      <itemPath>../source/CSwarm.cpp</itemPath>
      <itemPath>../source/Maths.cpp</itemPath>
      <itemPath>../source/QParticle.cpp</itemPath>
      <itemPath>../source/QSwarm.cpp</itemPath>
      <itemPath>../source/Random.cpp</itemPath>
      <itemPath>../source/qspo.cpp</itemPath>
    </logicalFolder>
    <logicalFolder name="TestFiles"
                   displayName="Test Files"
                   projectFiles="false"
                   kind="TEST_LOGICAL_FOLDER">
    </logicalFolder>
    <logicalFolder name="ExternalFiles"
                   displayName="Important Files"
                   projectFiles="false"
                   kind="IMPORTANT_FILES_FOLDER">
      <itemPath>Makefile</itemPath>
    </logicalFolder>
  </logicalFolder>
  <projectmakefile>Makefile</projectmakefile>
  <confs>
    <conf name="Debug" type="1">
      <toolsSet>
        <developmentServer>localhost</developmentServer>
        <compilerSet>MinGW|MinGW</compilerSet>
        <platform>3</platform>
      </toolsSet>
      <compileType>
      </compileType>
    </conf>
    <conf name="Release" type="1">
      <toolsSet>
        <developmentServer>localhost</developmentServer>
        <compilerSet>MinGW|MinGW</compilerSet>
        <platform>3</platform>
      </toolsSet>
      <compileType>
        <cTool>
          <developmentMode>5</developmentMode>
        </cTool>
        <ccTool>
          <developmentMode>5</developmentMode>
        </ccTool>
        <fortranCompilerTool>
          <developmentMode>5</developmentMode>
        </fortranCompilerTool>
        <asmTool>
          <developmentMode>5</developmentMode>
        </asmTool>
      </compileType>
    </conf>
  </confs>
</configurationDescriptor>
